first_name,last_name,username
Benji,Every,bevery0
Freeland,Brickett,fbrickett1
Abbey,Gathwaite,agathwaite2
Floria,Poulglais,fpoulglais3
Nat,Timcke,ntimcke4
Hy,Windibank,hwindibank5
Zahara,Dyte,zdyte6
Lyell,O'Carran,locarran7
Gail,McGeoch,gmcgeoch8
Jeralee,Ranscomb,jranscomb9
Aldous,Braime,abraimea
Yetty,Blaksland,yblakslandb
Crosby,Ashlee,cashleec
Judy,Flaunders,jflaundersd
Ludvig,Dumini,lduminie
Jessalin,Hourihane,jhourihanef
Harrietta,Neward,hnewardg
Jaime,Wheildon,jwheildonh
Bronny,Eatherton,beathertoni
Wye,MacAleese,wmacaleesej
Bevon,Habbert,bhabbertk
Mariana,Neil,mneill
Bidget,Ashness,bashnessm
Kliment,Aven,kavenn
Gerri,Morson,gmorsono
Inesita,Inker,iinkerp
Fielding,Wickwar,fwickwarq
Josepha,Beadham,jbeadhamr
Arlen,Scoterbosh,ascoterboshs
Felike,Yter,fytert
